month,division,line,num_sched_trains,num_actual_trains,service delivered
2015-01,A DIVISION,4,2750,2552,0.928
2015-01,B DIVISION,JZ,1020,1012,0.9922
2015-01,B DIVISION,F,2886,2752,0.9536
2015-01,A DIVISION,7,2450,2301,0.9392
2015-01,B DIVISION,R,1920,1920,1
2015-01,A DIVISION,6,1926,1723,0.8946
2015-01,A DIVISION,1,1630,1608,0.9865
2015-01,B DIVISION,B,1674,1633,0.9755
2015-01,B DIVISION,S Fkln,720,716,0.9944
2015-01,B DIVISION,M,1740,1582,0.9092
2015-01,A DIVISION,5,2528,2249,0.8896
2015-01,A DIVISION,2,2125,1988,0.9355
2015-01,B DIVISION,A,2525,2425,0.9604
2015-01,B DIVISION,N,1740,1708,0.9816
2015-01,B DIVISION,E,1550,1436,0.9265
2015-01,A DIVISION,S 42nd,2884,2772,0.9612
2015-01,A DIVISION,3,2057,1992,0.9684
2015-01,B DIVISION,G,880,877,0.9966
2015-01,B DIVISION,S Rock,440,438,0.9955
2015-01,B DIVISION,Q,1768,1729,0.9779
2015-01,B DIVISION,D,1738,1687,0.9707
2015-01,B DIVISION,L,1820,1765,0.9698
2015-01,B DIVISION,C,1500,1440,0.96
2015-02,B DIVISION,S Fkln,684,669,0.9781
2015-02,A DIVISION,S 42nd,2774,2749,0.991
2015-02,A DIVISION,6,2070,1789,0.8643
2015-02,A DIVISION,5,2432,2074,0.8528
2015-02,B DIVISION,Q,1676,1631,0.9732
2015-02,B DIVISION,D,1748,1710,0.9783
2015-02,B DIVISION,L,1729,1627,0.941
2015-02,A DIVISION,3,1945,1860,0.9563
2015-02,B DIVISION,N,1653,1624,0.9825
2015-02,B DIVISION,M,1653,1549,0.9371
2015-02,B DIVISION,C,1425,1361,0.9551
2015-02,B DIVISION,G,836,833,0.9964
2015-02,B DIVISION,R,1823,1815,0.9956
2015-02,B DIVISION,E,1404,1312,0.9345
2015-02,A DIVISION,7,2080,1937,0.9313
2015-02,A DIVISION,2,2017,1834,0.9093
2015-02,B DIVISION,JZ,969,935,0.9649
2015-02,B DIVISION,A,2410,2312,0.9593
2015-02,B DIVISION,F,2755,2634,0.9561
2015-02,B DIVISION,B,1584,1544,0.9747
2015-02,A DIVISION,1,1570,1510,0.9618
2015-02,B DIVISION,S Rock,414,416,1.0048
2015-02,A DIVISION,4,2659,2482,0.9334
2015-03,B DIVISION,E,1716,1602,0.9336
2015-03,A DIVISION,3,2277,2198,0.9653
2015-03,B DIVISION,L,2001,1943,0.971
2015-03,B DIVISION,D,2025,1989,0.9822
2015-03,B DIVISION,M,1914,1812,0.9467
2015-03,B DIVISION,JZ,1122,1099,0.9795
2015-03,B DIVISION,Q,1942,1925,0.9912
2015-03,A DIVISION,6,2398,2192,0.9141
2015-03,B DIVISION,B,1790,1733,0.9682
2015-03,A DIVISION,5,2816,2459,0.8732
2015-03,B DIVISION,A,2793,2647,0.9477
2015-03,A DIVISION,4,3080,2851,0.9256
2015-03,B DIVISION,N,1914,1891,0.988
2015-03,B DIVISION,S Fkln,756,732,0.9683
2015-03,A DIVISION,7,2331,2172,0.9318
2015-03,B DIVISION,G,968,963,0.9948
2015-03,B DIVISION,R,2112,2091,0.9901
2015-03,B DIVISION,C,1650,1557,0.9436
2015-03,A DIVISION,1,1825,1774,0.9721
2015-03,A DIVISION,S 42nd,3212,3117,0.9704
2015-03,B DIVISION,S Rock,480,472,0.9833
2015-03,A DIVISION,2,2364,2184,0.9239
2015-03,B DIVISION,F,3190,3083,0.9665
2015-04,B DIVISION,D,2024,1996,0.9862
2015-04,A DIVISION,3,2288,2244,0.9808
2015-04,B DIVISION,E,1716,1666,0.9709
2015-04,B DIVISION,F,3190,3116,0.9768
2015-04,B DIVISION,A,2794,2714,0.9714
2015-04,B DIVISION,L,1996,1939,0.9714
2015-04,B DIVISION,C,1575,1553,0.986
2015-04,B DIVISION,S Rock,484,483,0.9979
2015-04,B DIVISION,B,1848,1830,0.9903
2015-04,B DIVISION,Q,1940,1905,0.982
2015-04,A DIVISION,7,2332,2218,0.9511
2015-04,A DIVISION,S 42nd,3212,3148,0.9801
2015-04,A DIVISION,2,2376,2239,0.9423
2015-04,A DIVISION,4,3080,2926,0.95
2015-04,A DIVISION,1,1743,1740,0.9983
2015-04,B DIVISION,S Fkln,756,751,0.9934
2015-04,B DIVISION,JZ,1072,1051,0.9804
2015-04,B DIVISION,R,2112,2108,0.9981
2015-04,A DIVISION,6,2398,2198,0.9166
2015-04,A DIVISION,5,2816,2528,0.8977
2015-04,B DIVISION,G,924,919,0.9946
2015-04,B DIVISION,M,1914,1837,0.9598
2015-04,B DIVISION,N,1914,1904,0.9948
2015-05,B DIVISION,E,1560,1467,0.9404
2015-05,B DIVISION,G,876,886,1.0114
2015-05,A DIVISION,2,1944,1818,0.9352
2015-05,A DIVISION,4,2520,2340,0.9286
2015-05,A DIVISION,1,1494,1485,0.994
2015-05,A DIVISION,5,2304,2065,0.8963
2015-05,B DIVISION,S Fkln,684,681,0.9956
2015-05,B DIVISION,R,1920,1867,0.9724
2015-05,B DIVISION,M,1740,1640,0.9425
2015-05,B DIVISION,C,1425,1375,0.9649
2015-05,A DIVISION,6,1962,1828,0.9317
2015-05,B DIVISION,F,2900,2816,0.971
2015-05,B DIVISION,L,1815,1775,0.978
2015-05,B DIVISION,N,1740,1711,0.9833
2015-05,A DIVISION,3,1871,1832,0.9792
2015-05,A DIVISION,S 42nd,2482,2446,0.9855
2015-05,B DIVISION,A,2540,2434,0.9583
2015-05,B DIVISION,S Rock,418,422,1.0096
2015-05,B DIVISION,D,1840,1814,0.9859
2015-05,B DIVISION,JZ,1020,1010,0.9902
2015-05,A DIVISION,7,2600,2458,0.9454
2015-05,B DIVISION,B,1680,1637,0.9744
2015-05,B DIVISION,Q,1763,1713,0.9716
2015-06,B DIVISION,D,2116,2078,0.982
2015-06,A DIVISION,1,1743,1719,0.9862
2015-06,B DIVISION,S Fkln,792,758,0.9571
2015-06,B DIVISION,N,2001,1971,0.985
2015-06,B DIVISION,S Rock,506,515,1.0178
2015-06,B DIVISION,E,1794,1701,0.9482
2015-06,A DIVISION,5,2816,2495,0.886
2015-06,A DIVISION,6,2398,2186,0.9116
2015-06,A DIVISION,4,3080,2890,0.9383
2015-06,B DIVISION,G,1012,1023,1.0109
2015-06,B DIVISION,A,2921,2827,0.9678
2015-06,B DIVISION,M,1989,1888,0.9492
2015-06,B DIVISION,C,1725,1662,0.9635
2015-06,B DIVISION,F,3335,3303,0.9904
2015-06,B DIVISION,R,2186,2163,0.9895
2015-06,B DIVISION,B,1932,1903,0.985
2015-06,A DIVISION,2,2376,2204,0.9276
2015-06,A DIVISION,3,2288,2242,0.9799
2015-06,A DIVISION,7,2740,2607,0.9515
2015-06,B DIVISION,L,2093,2013,0.9618
2015-06,B DIVISION,JZ,1173,1145,0.9761
2015-06,B DIVISION,Q,2029,1984,0.9778
2015-06,A DIVISION,S 42nd,3194,3060,0.958
2015-07,A DIVISION,7,2794,2599,0.9302
2015-07,B DIVISION,E,1716,1605,0.9353
2015-07,A DIVISION,S 42nd,3212,3181,0.9903
2015-07,B DIVISION,A,2794,2714,0.9714
2015-07,B DIVISION,B,1848,1799,0.9735
2015-07,B DIVISION,S Fkln,792,780,0.9848
2015-07,B DIVISION,L,2002,1950,0.974
2015-07,A DIVISION,3,2288,2226,0.9729
2015-07,A DIVISION,6,2398,2255,0.9404
2015-07,A DIVISION,1,1816,1758,0.9681
2015-07,B DIVISION,C,1650,1604,0.9721
2015-07,B DIVISION,R,2079,2060,0.9909
2015-07,B DIVISION,JZ,1122,1110,0.9893
2015-07,B DIVISION,G,968,936,0.9669
2015-07,B DIVISION,D,2024,1991,0.9837
2015-07,A DIVISION,2,2376,2224,0.936
2015-07,A DIVISION,5,2816,2492,0.8849
2015-07,B DIVISION,N,1914,1883,0.9838
2015-07,B DIVISION,F,3183,3075,0.9661
2015-07,B DIVISION,Q,1943,1918,0.9871
2015-07,B DIVISION,M,1892,1798,0.9503
2015-07,A DIVISION,4,3080,2869,0.9315
2015-07,B DIVISION,S Rock,484,478,0.9876
2015-08,A DIVISION,S 42nd,3066,3018,0.9843
2015-08,B DIVISION,B,1764,1736,0.9841
2015-08,A DIVISION,6,2064,1941,0.9404
2015-08,B DIVISION,E,1605,1534,0.9558
2015-08,B DIVISION,S Rock,462,459,0.9935
2015-08,B DIVISION,C,1575,1562,0.9917
2015-08,A DIVISION,2,2268,2104,0.9277
2015-08,B DIVISION,G,924,914,0.9892
2015-08,B DIVISION,A,2667,2592,0.9719
2015-08,A DIVISION,1,1722,1645,0.9553
2015-08,A DIVISION,7,2670,2555,0.9569
2015-08,B DIVISION,R,1926,1931,1.0026
2015-08,B DIVISION,F,2985,2940,0.9849
2015-08,B DIVISION,M,1795,1758,0.9794
2015-08,B DIVISION,Q,1852,1832,0.9892
2015-08,B DIVISION,S Fkln,756,752,0.9947
2015-08,B DIVISION,JZ,1071,1028,0.9599
2015-08,B DIVISION,N,1827,1808,0.9896
2015-08,A DIVISION,4,2940,2704,0.9197
2015-08,A DIVISION,5,2688,2369,0.8813
2015-08,B DIVISION,L,1911,1853,0.9696
2015-08,B DIVISION,D,1932,1918,0.9928
2015-08,A DIVISION,3,2184,2115,0.9684
2015-09,B DIVISION,S Rock,462,465,1.0065
2015-09,A DIVISION,3,2184,2129,0.9748
2015-09,B DIVISION,G,924,898,0.9719
2015-09,B DIVISION,A,2667,2581,0.9678
2015-09,A DIVISION,5,2688,2438,0.907
2015-09,A DIVISION,7,2670,2500,0.9363
2015-09,A DIVISION,S 42nd,3054,2915,0.9545
2015-09,B DIVISION,B,1764,1709,0.9688
2015-09,B DIVISION,L,1911,1880,0.9838
2015-09,B DIVISION,R,2004,2007,1.0015
2015-09,B DIVISION,M,1819,1749,0.9615
2015-09,B DIVISION,E,1626,1553,0.9551
2015-09,A DIVISION,6,2249,2094,0.9311
2015-09,B DIVISION,JZ,1071,1049,0.9795
2015-09,A DIVISION,4,2940,2744,0.9333
2015-09,B DIVISION,C,1575,1522,0.9663
2015-09,B DIVISION,D,1932,1921,0.9943
2015-09,B DIVISION,S Fkln,756,730,0.9656
2015-09,B DIVISION,Q,1854,1834,0.9892
2015-09,B DIVISION,N,1827,1815,0.9934
2015-09,A DIVISION,1,1722,1702,0.9884
2015-09,A DIVISION,2,2268,2133,0.9405
2015-09,B DIVISION,F,3021,2979,0.9861
2015-10,B DIVISION,A,2794,2697,0.9653
2015-10,B DIVISION,Q,1938,1914,0.9876
2015-10,B DIVISION,N,1914,1896,0.9906
2015-10,A DIVISION,S 42nd,3110,3002,0.9653
2015-10,B DIVISION,F,3190,3160,0.9906
2015-10,B DIVISION,B,1848,1845,0.9984
2015-10,A DIVISION,4,3080,2833,0.9198
2015-10,A DIVISION,1,1804,1765,0.9784
2015-10,A DIVISION,2,2376,2229,0.9381
2015-10,B DIVISION,R,2112,2125,1.0062
2015-10,B DIVISION,S Rock,462,456,0.987
2015-10,B DIVISION,D,2024,2016,0.996
2015-10,B DIVISION,JZ,1122,1092,0.9733
2015-10,A DIVISION,6,2398,2124,0.8857
2015-10,A DIVISION,5,2816,2522,0.8956
2015-10,A DIVISION,7,2860,2714,0.949
2015-10,B DIVISION,C,1650,1595,0.9667
2015-10,B DIVISION,M,1914,1842,0.9624
2015-10,B DIVISION,E,1716,1639,0.9551
2015-10,A DIVISION,3,2288,2231,0.9751
2015-10,B DIVISION,G,968,963,0.9948
2015-10,B DIVISION,L,2002,1918,0.958
2015-10,B DIVISION,S Fkln,792,776,0.9798
2015-11,A DIVISION,1,1562,1524,0.9757
2015-11,A DIVISION,7,2340,2183,0.9329
2015-11,A DIVISION,3,1976,1929,0.9762
2015-11,B DIVISION,JZ,1020,997,0.9775
2015-11,B DIVISION,N,1740,1725,0.9914
2015-11,A DIVISION,5,2432,2176,0.8947
2015-11,B DIVISION,S Fkln,720,705,0.9792
2015-11,B DIVISION,C,1500,1454,0.9693
2015-11,B DIVISION,R,1920,1899,0.9891
2015-11,A DIVISION,2,2052,1922,0.9366
2015-11,B DIVISION,S Rock,440,439,0.9977
2015-11,B DIVISION,L,1820,1756,0.9648
2015-11,B DIVISION,F,2886,2841,0.9844
2015-11,B DIVISION,G,880,882,1.0023
2015-11,A DIVISION,4,2658,2459,0.9251
2015-11,B DIVISION,Q,1763,1714,0.9722
2015-11,B DIVISION,D,1830,1810,0.9891
2015-11,B DIVISION,E,1550,1474,0.951
2015-11,A DIVISION,6,2068,1895,0.9163
2015-11,A DIVISION,S 42nd,2774,2743,0.9888
2015-11,B DIVISION,B,1674,1663,0.9934
2015-11,B DIVISION,A,2525,2456,0.9727
2015-11,B DIVISION,M,1740,1672,0.9609
2015-12,B DIVISION,D,1896,1885,0.9942
2015-12,A DIVISION,4,3080,2906,0.9435
2015-12,B DIVISION,A,2667,2612,0.9794
2015-12,B DIVISION,C,1575,1537,0.9759
2015-12,B DIVISION,N,1827,1814,0.9929
2015-12,B DIVISION,G,924,936,1.013
2015-12,B DIVISION,E,1638,1545,0.9432
2015-12,B DIVISION,S Fkln,756,738,0.9762
2015-12,B DIVISION,M,1881,1778,0.9452
2015-12,B DIVISION,B,1764,1738,0.9853
2015-12,A DIVISION,6,2398,2201,0.9178
2015-12,A DIVISION,5,2688,2396,0.8914
2015-12,A DIVISION,S 42nd,3212,3152,0.9813
2015-12,B DIVISION,R,2016,1986,0.9851
2015-12,B DIVISION,Q,1851,1824,0.9854
2015-12,B DIVISION,L,2002,1939,0.9685
2015-12,A DIVISION,7,2730,2569,0.941
2015-12,B DIVISION,F,3045,2957,0.9711
2015-12,A DIVISION,1,1826,1796,0.9836
2015-12,A DIVISION,3,2288,2190,0.9572
2015-12,B DIVISION,S Rock,462,459,0.9935
2015-12,B DIVISION,JZ,1071,1030,0.9617
2015-12,A DIVISION,2,2376,2196,0.9242
2016-01,B DIVISION,N,1566,1521,0.9713
2016-01,A DIVISION,3,1966,1919,0.9761
2016-01,A DIVISION,1,1577,1558,0.988
2016-01,B DIVISION,Q,1592,1543,0.9692
2016-01,A DIVISION,7,2210,2079,0.9407
2016-01,B DIVISION,R,1729,1688,0.9763
2016-01,B DIVISION,S Fkln,648,647,0.9985
2016-01,B DIVISION,C,1350,1308,0.9689
2016-01,A DIVISION,S 42nd,2920,2885,0.988
2016-01,B DIVISION,B,1512,1470,0.9722
2016-01,A DIVISION,2,2037,1887,0.9264
2016-01,B DIVISION,D,1620,1613,0.9957
2016-01,B DIVISION,M,1620,1547,0.9549
2016-01,B DIVISION,L,1820,1746,0.9593
2016-01,B DIVISION,JZ,918,885,0.9641
2016-01,B DIVISION,E,1404,1346,0.9587
2016-01,A DIVISION,4,2660,2439,0.9169
2016-01,B DIVISION,F,2610,2538,0.9724
2016-01,B DIVISION,S Rock,392,393,1.0026
2016-01,A DIVISION,5,2426,2136,0.8805
2016-01,B DIVISION,G,792,793,1.0013
2016-01,B DIVISION,A,2284,2224,0.9737
2016-01,A DIVISION,6,1961,1781,0.9082
2016-02,B DIVISION,E,1560,1493,0.9571
2016-02,B DIVISION,N,1740,1712,0.9839
2016-02,B DIVISION,S Rock,440,438,0.9955
2016-02,B DIVISION,G,880,892,1.0136
2016-02,B DIVISION,C,1500,1469,0.9793
2016-02,B DIVISION,F,2900,2829,0.9755
2016-02,A DIVISION,2,2160,1993,0.9227
2016-02,B DIVISION,B,1680,1640,0.9762
2016-02,B DIVISION,Q,1768,1721,0.9734
2016-02,A DIVISION,4,2800,2591,0.9254
2016-02,B DIVISION,D,1800,1744,0.9689
2016-02,A DIVISION,6,2180,1918,0.8798
2016-02,B DIVISION,S Fkln,720,683,0.9486
2016-02,A DIVISION,5,2560,2265,0.8848
2016-02,B DIVISION,M,1800,1709,0.9494
2016-02,B DIVISION,L,1820,1755,0.9643
2016-02,A DIVISION,1,1660,1654,0.9964
2016-02,A DIVISION,3,2080,2014,0.9683
2016-02,B DIVISION,A,2540,2475,0.9744
2016-02,A DIVISION,7,2600,2371,0.9119
2016-02,B DIVISION,R,1920,1912,0.9958
2016-02,A DIVISION,S 42nd,2774,2761,0.9953
2016-02,B DIVISION,JZ,1020,981,0.9618
2016-03,A DIVISION,1,1909,1837,0.9623
2016-03,A DIVISION,S 42nd,3358,3315,0.9872
2016-03,A DIVISION,3,2392,2323,0.9712
2016-03,B DIVISION,A,2921,2845,0.974
2016-03,B DIVISION,E,1794,1732,0.9654
2016-03,A DIVISION,6,2457,2279,0.9276
2016-03,B DIVISION,JZ,1173,1134,0.9668
2016-03,B DIVISION,S Fkln,828,808,0.9758
2016-03,B DIVISION,D,2070,2051,0.9908
2016-03,B DIVISION,S Rock,506,510,1.0079
2016-03,B DIVISION,Q,2035,2002,0.9838
2016-03,A DIVISION,7,2860,2693,0.9416
2016-03,A DIVISION,5,2944,2657,0.9025
2016-03,B DIVISION,N,2001,1982,0.9905
2016-03,B DIVISION,F,3335,3271,0.9808
2016-03,B DIVISION,R,2208,2188,0.9909
2016-03,B DIVISION,C,1725,1638,0.9496
2016-03,A DIVISION,4,3218,3034,0.9428
2016-03,B DIVISION,G,1012,1017,1.0049
2016-03,B DIVISION,L,2093,2018,0.9642
2016-03,A DIVISION,2,2484,2325,0.936
2016-03,B DIVISION,B,1932,1906,0.9865
2016-03,B DIVISION,M,2070,1961,0.9473
2016-04,B DIVISION,M,1890,1808,0.9566
2016-04,A DIVISION,2,2268,2077,0.9158
2016-04,B DIVISION,Q,1858,1847,0.9941
2016-04,B DIVISION,N,1827,1813,0.9923
2016-04,A DIVISION,4,2940,2741,0.9323
2016-04,A DIVISION,6,2244,2062,0.9189
2016-04,B DIVISION,S Rock,462,460,0.9957
2016-04,B DIVISION,G,924,929,1.0054
2016-04,B DIVISION,D,1890,1866,0.9873
2016-04,A DIVISION,5,2688,2345,0.8724
2016-04,B DIVISION,S Fkln,720,711,0.9875
2016-04,A DIVISION,1,1743,1719,0.9862
2016-04,B DIVISION,R,2016,1987,0.9856
2016-04,B DIVISION,A,2667,2551,0.9565
2016-04,B DIVISION,E,1638,1519,0.9274
2016-04,B DIVISION,L,1911,1842,0.9639
2016-04,B DIVISION,B,1764,1722,0.9762
2016-04,A DIVISION,S 42nd,3066,3034,0.9896
2016-04,B DIVISION,F,3045,2947,0.9678
2016-04,A DIVISION,7,2600,2421,0.9312
2016-04,B DIVISION,C,1575,1500,0.9524
2016-04,B DIVISION,JZ,1071,1049,0.9795
2016-04,A DIVISION,3,2184,2085,0.9547
2016-05,B DIVISION,Q,1856,1820,0.9806
2016-05,A DIVISION,S 42nd,2774,2763,0.996
2016-05,B DIVISION,N,1827,1790,0.9797
2016-05,B DIVISION,R,2016,1989,0.9866
2016-05,B DIVISION,D,1890,1866,0.9873
2016-05,B DIVISION,M,1890,1820,0.963
2016-05,B DIVISION,B,1764,1758,0.9966
2016-05,B DIVISION,E,1638,1574,0.9609
2016-05,A DIVISION,3,2184,2105,0.9638
2016-05,A DIVISION,4,2940,2713,0.9228
2016-05,B DIVISION,G,902,889,0.9856
2016-05,A DIVISION,5,2688,2378,0.8847
2016-05,B DIVISION,JZ,1071,1042,0.9729
2016-05,B DIVISION,C,1575,1550,0.9841
2016-05,A DIVISION,2,2268,2105,0.9281
2016-05,B DIVISION,L,1911,1854,0.9702
2016-05,A DIVISION,7,2730,2556,0.9363
2016-05,A DIVISION,1,1743,1733,0.9943
2016-05,B DIVISION,S Fkln,756,751,0.9934
2016-05,B DIVISION,A,2667,2598,0.9741
2016-05,B DIVISION,F,3045,3004,0.9865
2016-05,A DIVISION,6,2246,2092,0.9314
2016-05,B DIVISION,S Rock,462,465,1.0065
2016-06,A DIVISION,5,2816,2520,0.8949
2016-06,A DIVISION,6,2382,2199,0.9232
2016-06,B DIVISION,E,1716,1615,0.9411
2016-06,B DIVISION,R,2126,2105,0.9901
2016-06,B DIVISION,B,1848,1812,0.9805
2016-06,A DIVISION,S 42nd,3212,3136,0.9763
2016-06,B DIVISION,JZ,1122,1085,0.967
2016-06,A DIVISION,2,2404,2203,0.9164
2016-06,B DIVISION,L,2002,1936,0.967
2016-06,B DIVISION,S Fkln,792,787,0.9937
2016-06,B DIVISION,S Rock,484,477,0.9855
2016-06,B DIVISION,F,3140,3070,0.9777
2016-06,B DIVISION,A,2808,2707,0.964
2016-06,A DIVISION,3,2288,2206,0.9642
2016-06,B DIVISION,C,1650,1583,0.9594
2016-06,A DIVISION,1,1826,1794,0.9825
2016-06,B DIVISION,M,1903,1825,0.959
2016-06,B DIVISION,G,941,934,0.9926
2016-06,B DIVISION,D,1980,1956,0.9879
2016-06,B DIVISION,Q,1940,1913,0.9861
2016-06,A DIVISION,4,3080,2874,0.9331
2016-06,B DIVISION,N,1942,1924,0.9907
2016-06,A DIVISION,7,2860,2691,0.9409
2016-07,B DIVISION,Q,1679,1642,0.978
2016-07,B DIVISION,E,1482,1419,0.9575
2016-07,A DIVISION,2,2090,1915,0.9163
2016-07,B DIVISION,M,1729,1628,0.9416
2016-07,A DIVISION,3,1976,1922,0.9727
2016-07,B DIVISION,A,2432,2343,0.9634
2016-07,A DIVISION,S 42nd,2628,2562,0.9749
2016-07,B DIVISION,C,1425,1343,0.9425
2016-07,B DIVISION,S Rock,418,423,1.012
2016-07,A DIVISION,4,2660,2479,0.932
2016-07,B DIVISION,B,1596,1572,0.985
2016-07,B DIVISION,G,837,857,1.0239
2016-07,A DIVISION,1,1577,1562,0.9905
2016-07,B DIVISION,R,1843,1811,0.9826
2016-07,B DIVISION,S Fkln,684,666,0.9737
2016-07,B DIVISION,L,1729,1668,0.9647
2016-07,B DIVISION,JZ,969,931,0.9608
2016-07,B DIVISION,D,1710,1668,0.9754
2016-07,B DIVISION,N,1691,1638,0.9687
2016-07,A DIVISION,6,2061,1882,0.9131
2016-07,A DIVISION,5,2432,2173,0.8935
2016-07,A DIVISION,7,2470,2330,0.9433
2016-07,B DIVISION,F,2701,2606,0.9648
2016-08,B DIVISION,B,1932,1866,0.9658
2016-08,A DIVISION,5,2944,2605,0.8849
2016-08,B DIVISION,Q,2034,1995,0.9808
2016-08,B DIVISION,G,1012,1024,1.0119
2016-08,B DIVISION,N,2047,2026,0.9897
2016-08,A DIVISION,4,3220,3016,0.9366
2016-08,A DIVISION,3,2392,2311,0.9661
2016-08,A DIVISION,2,2200,2025,0.9205
2016-08,B DIVISION,S Fkln,828,825,0.9964
2016-08,B DIVISION,S Rock,506,505,0.998
2016-08,B DIVISION,JZ,1173,1119,0.954
2016-08,B DIVISION,R,2226,2178,0.9784
2016-08,A DIVISION,S 42nd,3358,3304,0.9839
2016-08,B DIVISION,L,2093,2025,0.9675
2016-08,B DIVISION,C,1725,1654,0.9588
2016-08,A DIVISION,7,2990,2830,0.9465
2016-08,B DIVISION,F,3266,3179,0.9734
2016-08,B DIVISION,A,2944,2828,0.9606
2016-08,B DIVISION,E,1794,1699,0.947
2016-08,A DIVISION,6,2461,2267,0.9212
2016-08,B DIVISION,D,2070,2022,0.9768
2016-08,A DIVISION,1,1909,1893,0.9916
2016-08,B DIVISION,M,2093,1953,0.9331
2016-09,A DIVISION,5,2688,2340,0.8705
2016-09,A DIVISION,S 42nd,3066,3019,0.9847
2016-09,B DIVISION,JZ,1071,1025,0.957
2016-09,B DIVISION,A,2688,2580,0.9598
2016-09,A DIVISION,7,2730,2615,0.9579
2016-09,B DIVISION,L,1911,1883,0.9853
2016-09,B DIVISION,G,924,933,1.0097
2016-09,A DIVISION,4,2940,2711,0.9221
2016-09,B DIVISION,D,1890,1871,0.9899
2016-09,B DIVISION,M,1911,1796,0.9398
2016-09,B DIVISION,S Fkln,756,755,0.9987
2016-09,B DIVISION,B,1764,1720,0.9751
2016-09,B DIVISION,E,1638,1566,0.956
2016-09,B DIVISION,Q,1858,1813,0.9758
2016-09,A DIVISION,1,1743,1678,0.9627
2016-09,A DIVISION,6,2243,2052,0.9148
2016-09,B DIVISION,N,1869,1853,0.9914
2016-09,A DIVISION,3,2184,2028,0.9286
2016-09,A DIVISION,2,2310,2066,0.8944
2016-09,B DIVISION,S Rock,462,463,1.0022
2016-09,B DIVISION,C,1575,1510,0.9587
2016-09,B DIVISION,F,2962,2886,0.9743
2016-09,B DIVISION,R,2037,2031,0.9971
2016-10,B DIVISION,E,1638,1523,0.9298
2016-10,B DIVISION,N,1869,1837,0.9829
2016-10,A DIVISION,4,2940,2696,0.917
2016-10,B DIVISION,R,2037,2035,0.999
2016-10,A DIVISION,S 42nd,3066,3048,0.9941
2016-10,A DIVISION,6,2235,2050,0.9172
2016-10,A DIVISION,7,2732,2558,0.9363
2016-10,B DIVISION,C,1575,1484,0.9422
2016-10,B DIVISION,G,924,943,1.0206
2016-10,B DIVISION,D,1890,1858,0.9831
2016-10,B DIVISION,F,2895,2834,0.9789
2016-10,B DIVISION,JZ,1071,1038,0.9692
2016-10,B DIVISION,L,1911,1813,0.9487
2016-10,B DIVISION,Q,1852,1816,0.9806
2016-10,B DIVISION,B,1764,1739,0.9858
2016-10,B DIVISION,S Fkln,756,754,0.9974
2016-10,B DIVISION,M,1911,1828,0.9566
2016-10,B DIVISION,S Rock,462,454,0.9827
2016-10,A DIVISION,1,1743,1701,0.9759
2016-10,A DIVISION,3,2184,2073,0.9492
2016-10,A DIVISION,5,2688,2385,0.8873
2016-10,A DIVISION,2,2310,2115,0.9156
2016-10,B DIVISION,A,2688,2518,0.9368
2016-11,A DIVISION,2,2301,2089,0.9079
2016-11,A DIVISION,4,2915,2633,0.9033
2016-11,A DIVISION,S 42nd,3066,3003,0.9795
2016-11,B DIVISION,S Rock,462,446,0.9654
2016-11,B DIVISION,C,1576,1512,0.9594
2016-11,B DIVISION,D,1882,1841,0.9782
2016-11,B DIVISION,JZ,1071,1035,0.9664
2016-11,B DIVISION,A,2671,2514,0.9412
2016-11,A DIVISION,5,2673,2313,0.8653
2016-11,B DIVISION,B,1674,1617,0.9659
2016-11,A DIVISION,3,2180,2066,0.9477
2016-11,B DIVISION,S Fkln,756,753,0.996
2016-11,B DIVISION,F,2986,2905,0.9729
2016-11,A DIVISION,7,2710,2563,0.9458
2016-11,B DIVISION,G,924,937,1.0141
2016-11,B DIVISION,E,1628,1519,0.933
2016-11,B DIVISION,L,1820,1772,0.9736
2016-11,A DIVISION,6,2264,2020,0.8922
2016-11,B DIVISION,Q,2120,1982,0.9349
2016-11,B DIVISION,N,1796,1744,0.971
2016-11,A DIVISION,1,1731,1673,0.9665
2016-11,B DIVISION,R,2071,2027,0.9788
2016-11,B DIVISION,W,624,573,0.9183
2016-11,B DIVISION,M,1911,1802,0.943
2016-12,B DIVISION,L,1911,1860,0.9733
2016-12,B DIVISION,JZ,1071,1039,0.9701
2016-12,A DIVISION,6,2286,2036,0.8906
2016-12,B DIVISION,B,1740,1681,0.9661
2016-12,B DIVISION,R,2079,1978,0.9514
2016-12,B DIVISION,D,1890,1870,0.9894
2016-12,B DIVISION,Q,2180,2027,0.9298
2016-12,A DIVISION,2,2310,2069,0.8957
2016-12,B DIVISION,F,3003,2920,0.9724
2016-12,B DIVISION,G,924,938,1.0152
2016-12,A DIVISION,5,2688,2317,0.862
2016-12,A DIVISION,3,2184,2080,0.9524
2016-12,A DIVISION,S 42nd,3066,3048,0.9941
2016-12,A DIVISION,4,2940,2680,0.9116
2016-12,B DIVISION,C,1575,1519,0.9644
2016-12,B DIVISION,W,818,779,0.9523
2016-12,B DIVISION,S Rock,462,467,1.0108
2016-12,B DIVISION,A,2688,2605,0.9691
2016-12,B DIVISION,M,1911,1773,0.9278
2016-12,A DIVISION,1,1743,1683,0.9656
2016-12,B DIVISION,E,1638,1523,0.9298
2016-12,A DIVISION,7,2730,2527,0.9256
2016-12,B DIVISION,S Fkln,756,731,0.9669
2016-12,B DIVISION,N,1891,1830,0.9677
2017-01,B DIVISION,JZ,1071,1031,0.9627
2017-01,A DIVISION,1,1731,1719,0.9931
2017-01,A DIVISION,7,2710,2541,0.9376
2017-01,A DIVISION,4,2915,2647,0.9081
2017-01,B DIVISION,A,2671,2558,0.9577
2017-01,A DIVISION,S 42nd,3066,3061,0.9984
2017-01,A DIVISION,5,2673,2248,0.841
2017-01,B DIVISION,S Rock,462,465,1.0065
2017-01,B DIVISION,S Fkln,756,757,1.0013
2017-01,B DIVISION,R,2079,1994,0.9591
2017-01,B DIVISION,W,819,756,0.9231
2017-01,B DIVISION,C,1576,1481,0.9397
2017-01,A DIVISION,2,2301,2052,0.8918
2017-01,B DIVISION,E,1628,1528,0.9386
2017-01,B DIVISION,M,1911,1775,0.9288
2017-01,B DIVISION,D,1882,1807,0.9601
2017-01,A DIVISION,6,2266,2046,0.9029
2017-01,B DIVISION,L,1911,1836,0.9608
2017-01,B DIVISION,B,1758,1676,0.9534
2017-01,B DIVISION,N,1890,1822,0.964
2017-01,B DIVISION,G,941,931,0.9894
2017-01,B DIVISION,F,2991,2902,0.9702
2017-01,B DIVISION,Q,2142,2018,0.9421
2017-01,A DIVISION,3,2180,2045,0.9381
2017-02,A DIVISION,S 42nd,2482,2478,0.9984
2017-02,B DIVISION,W,741,691,0.9325
2017-02,A DIVISION,1,1577,1494,0.9474
2017-02,B DIVISION,B,1596,1565,0.9806
2017-02,B DIVISION,Q,1938,1866,0.9628
2017-02,A DIVISION,5,2432,2094,0.861
2017-02,B DIVISION,M,1729,1639,0.9479
2017-02,B DIVISION,S Rock,418,415,0.9928
2017-02,B DIVISION,R,1879,1855,0.9872
2017-02,A DIVISION,6,2061,1861,0.903
2017-02,B DIVISION,F,2718,2679,0.9857
2017-02,B DIVISION,D,1710,1660,0.9708
2017-02,A DIVISION,2,2077,1884,0.9071
2017-02,B DIVISION,N,1710,1642,0.9602
2017-02,B DIVISION,L,1729,1675,0.9688
2017-02,A DIVISION,7,2438,2251,0.9233
2017-02,B DIVISION,JZ,969,942,0.9721
2017-02,B DIVISION,S Fkln,684,679,0.9927
2017-02,B DIVISION,E,1482,1409,0.9507
2017-02,B DIVISION,G,836,853,1.0203
2017-02,A DIVISION,3,1961,1853,0.9449
2017-02,B DIVISION,A,2429,2318,0.9543
2017-02,B DIVISION,C,1427,1365,0.9566
2017-02,A DIVISION,4,2660,2451,0.9214
2017-03,B DIVISION,A,2794,2685,0.961
2017-03,B DIVISION,S Rock,484,483,0.9979
2017-03,B DIVISION,L,2002,1953,0.9755
2017-03,B DIVISION,Q,2244,2109,0.9398
2017-03,B DIVISION,G,968,981,1.0134
2017-03,A DIVISION,1,1826,1760,0.9639
2017-03,B DIVISION,S Fkln,756,741,0.9802
2017-03,B DIVISION,C,1650,1579,0.957
2017-03,B DIVISION,B,1848,1794,0.9708
2017-03,B DIVISION,N,1980,1916,0.9677
2017-03,B DIVISION,D,1980,1936,0.9778
2017-03,A DIVISION,3,2245,2111,0.9403
2017-03,B DIVISION,R,2177,2112,0.9701
2017-03,B DIVISION,JZ,1122,1075,0.9581
2017-03,B DIVISION,E,1716,1625,0.947
2017-03,B DIVISION,W,858,784,0.9138
2017-03,A DIVISION,6,2396,2162,0.9023
2017-03,A DIVISION,5,2798,2365,0.8452
2017-03,B DIVISION,M,2002,1900,0.9491
2017-03,A DIVISION,S 42nd,2482,2477,0.998
2017-03,A DIVISION,7,2816,2588,0.919
2017-03,B DIVISION,F,3146,3078,0.9784
2017-03,A DIVISION,2,2367,2133,0.9011
2017-03,A DIVISION,4,3080,2785,0.9042
2017-04,B DIVISION,G,880,893,1.0148
2017-04,B DIVISION,D,1800,1744,0.9689
2017-04,A DIVISION,7,2574,2315,0.8994
2017-04,B DIVISION,F,2860,2783,0.9731
2017-04,A DIVISION,5,2560,2162,0.8445
2017-04,A DIVISION,2,2175,1979,0.9099
2017-04,B DIVISION,B,1680,1600,0.9524
2017-04,B DIVISION,N,1800,1742,0.9678
2017-04,B DIVISION,Q,2040,1932,0.9471
2017-04,B DIVISION,R,1980,1929,0.9742
2017-04,A DIVISION,3,2060,1982,0.9621
2017-04,B DIVISION,A,2560,2453,0.9582
2017-04,A DIVISION,1,1660,1628,0.9807
2017-04,B DIVISION,JZ,1020,981,0.9618
2017-04,B DIVISION,W,780,728,0.9333
2017-04,A DIVISION,6,2179,1980,0.9087
2017-04,A DIVISION,4,2800,2550,0.9107
2017-04,B DIVISION,C,1500,1432,0.9547
2017-04,B DIVISION,E,1560,1467,0.9404
2017-04,B DIVISION,L,1820,1761,0.9676
2017-04,B DIVISION,S Rock,440,440,1
2017-04,B DIVISION,S Fkln,720,719,0.9986
2017-04,A DIVISION,S 42nd,2300,2261,0.983
2017-04,B DIVISION,M,1820,1701,0.9346
2017-05,A DIVISION,2,2413,2179,0.903
2017-05,B DIVISION,W,858,779,0.9079
2017-05,A DIVISION,S 42nd,2530,2510,0.9921
2017-05,B DIVISION,N,1980,1901,0.9601
2017-05,B DIVISION,G,968,978,1.0103
2017-05,A DIVISION,4,3080,2796,0.9078
2017-05,B DIVISION,A,2816,2657,0.9435
2017-05,B DIVISION,JZ,1122,1091,0.9724
2017-05,A DIVISION,3,2267,2126,0.9378
2017-05,B DIVISION,C,1650,1561,0.9461
2017-05,B DIVISION,R,2178,2100,0.9642
2017-05,B DIVISION,S Fkln,792,749,0.9457
2017-05,B DIVISION,B,1848,1791,0.9692
2017-05,B DIVISION,M,2002,1885,0.9416
2017-05,A DIVISION,6,2398,2169,0.9045
2017-05,A DIVISION,7,2817,2584,0.9173
2017-05,B DIVISION,D,1980,1908,0.9636
2017-05,B DIVISION,F,3153,3031,0.9613
2017-05,A DIVISION,1,1833,1763,0.9618
2017-05,A DIVISION,5,2816,2327,0.8263
2017-05,B DIVISION,S Rock,484,478,0.9876
2017-05,B DIVISION,Q,2244,2105,0.9381
2017-05,B DIVISION,E,1716,1589,0.926
2017-05,B DIVISION,L,2002,1922,0.96
2017-06,B DIVISION,N,1980,1910,0.9646
2017-06,B DIVISION,F,3147,2990,0.9501
2017-06,A DIVISION,4,3080,2812,0.913
2017-06,B DIVISION,S Rock,484,482,0.9959
2017-06,A DIVISION,S 42nd,2185,2173,0.9945
2017-06,B DIVISION,D,1980,1913,0.9662
2017-06,B DIVISION,L,2027,1989,0.9813
2017-06,A DIVISION,6,2398,2190,0.9133
2017-06,B DIVISION,JZ,1122,1078,0.9608
2017-06,B DIVISION,Q,2244,2151,0.9586
2017-06,A DIVISION,7,2830,2596,0.9173
2017-06,B DIVISION,B,1848,1739,0.941
2017-06,B DIVISION,E,1716,1607,0.9365
2017-06,B DIVISION,A,2814,2650,0.9417
2017-06,B DIVISION,C,1650,1499,0.9085
2017-06,B DIVISION,R,2171,2099,0.9668
2017-06,A DIVISION,5,2816,2385,0.8469
2017-06,B DIVISION,S Fkln,792,794,1.0025
2017-06,A DIVISION,2,2418,2200,0.9098
2017-06,A DIVISION,1,1832,1755,0.958
2017-06,B DIVISION,M,2002,1847,0.9226
2017-06,A DIVISION,3,2281,2108,0.9242
2017-06,B DIVISION,G,968,995,1.0279
2017-06,B DIVISION,W,858,812,0.9464
2017-07,A DIVISION,1,1680,1616,0.9619
2017-07,B DIVISION,Q,2040,1956,0.9588
2017-07,B DIVISION,B,1680,1635,0.9732
2017-07,B DIVISION,F,2783,2676,0.9616
2017-07,B DIVISION,S Rock,440,431,0.9795
2017-07,B DIVISION,C,1500,1423,0.9487
2017-07,A DIVISION,5,2560,2197,0.8582
2017-07,B DIVISION,N,1811,1760,0.9718
2017-07,A DIVISION,7,2453,2297,0.9364
2017-07,B DIVISION,E,1450,1332,0.9186
2017-07,B DIVISION,S Fkln,720,719,0.9986
2017-07,A DIVISION,4,2800,2586,0.9236
2017-07,B DIVISION,A,2560,2411,0.9418
2017-07,B DIVISION,W,769,732,0.9519
2017-07,A DIVISION,S 42nd,2331,2311,0.9914
2017-07,B DIVISION,M,1618,1546,0.9555
2017-07,A DIVISION,6,2180,2025,0.9289
2017-07,B DIVISION,D,1800,1738,0.9656
2017-07,B DIVISION,R,1980,1910,0.9646
2017-07,B DIVISION,G,880,907,1.0307
2017-07,A DIVISION,2,2200,1994,0.9064
2017-07,B DIVISION,JZ,1020,1005,0.9853
2017-07,A DIVISION,3,2080,1955,0.9399
2017-07,B DIVISION,L,1632,1616,0.9902
2017-08,A DIVISION,2,2530,2285,0.9032
2017-08,A DIVISION,7,2969,2790,0.9397
2017-08,B DIVISION,A,2944,2794,0.949
2017-08,B DIVISION,R,2277,2192,0.9627
2017-08,B DIVISION,S Rock,506,510,1.0079
2017-08,B DIVISION,B,1932,1890,0.9783
2017-08,A DIVISION,1,1932,1842,0.9534
2017-08,A DIVISION,3,2392,2229,0.9319
2017-08,B DIVISION,G,1012,1034,1.0217
2017-08,B DIVISION,F,3173,3075,0.9691
2017-08,B DIVISION,L,1920,1889,0.9839
2017-08,A DIVISION,5,2944,2483,0.8434
2017-08,B DIVISION,S Fkln,828,822,0.9928
2017-08,B DIVISION,C,1725,1643,0.9525
2017-08,A DIVISION,4,3220,2988,0.928
2017-08,B DIVISION,W,879,799,0.909
2017-08,B DIVISION,D,2070,2010,0.971
2017-08,B DIVISION,N,2088,2013,0.9641
2017-08,B DIVISION,Q,2346,2230,0.9506
2017-08,B DIVISION,JZ,1173,1155,0.9847
2017-08,A DIVISION,S 42nd,3358,3311,0.986
2017-08,A DIVISION,6,2499,2313,0.9256
2017-08,B DIVISION,E,1754,1629,0.9287
2017-08,B DIVISION,M,1878,1802,0.9595
2017-09,B DIVISION,D,1800,1780,0.9889
2017-09,A DIVISION,5,2590,2162,0.8347
2017-09,B DIVISION,N,1812,1727,0.9531
2017-09,B DIVISION,F,2861,2804,0.9801
2017-09,B DIVISION,B,1680,1653,0.9839
2017-09,B DIVISION,JZ,1020,993,0.9735
2017-09,B DIVISION,A,2560,2471,0.9652
2017-09,B DIVISION,R,1980,1916,0.9677
2017-09,B DIVISION,W,768,727,0.9466
2017-09,B DIVISION,L,1920,1860,0.9688
2017-09,B DIVISION,G,880,904,1.0273
2017-09,A DIVISION,1,1680,1610,0.9583
2017-09,B DIVISION,S Fkln,720,720,1
2017-09,A DIVISION,S 42nd,2920,2911,0.9969
2017-09,B DIVISION,C,1500,1446,0.964
2017-09,A DIVISION,2,2200,1954,0.8882
2017-09,B DIVISION,Q,2040,1950,0.9559
2017-09,B DIVISION,E,1560,1472,0.9436
2017-09,A DIVISION,3,2080,1898,0.9125
2017-09,A DIVISION,7,2584,2431,0.9408
2017-09,A DIVISION,6,2070,1876,0.9063
2017-09,B DIVISION,S Rock,440,443,1.0068
2017-09,A DIVISION,4,2800,2524,0.9014
2017-09,B DIVISION,M,1640,1558,0.95
2017-10,B DIVISION,F,3146,3044,0.9676
2017-10,B DIVISION,W,853,773,0.9062
2017-10,B DIVISION,N,1986,1923,0.9683
2017-10,B DIVISION,S Rock,484,486,1.0041
2017-10,A DIVISION,3,2288,2137,0.934
2017-10,B DIVISION,S Fkln,756,747,0.9881
2017-10,B DIVISION,B,1848,1758,0.9513
2017-10,A DIVISION,6,2156,1961,0.9096
2017-10,B DIVISION,E,1716,1603,0.9341
2017-10,A DIVISION,S 42nd,3212,3201,0.9966
2017-10,B DIVISION,G,968,984,1.0165
2017-10,B DIVISION,L,2112,2064,0.9773
2017-10,B DIVISION,R,2178,2088,0.9587
2017-10,B DIVISION,JZ,1122,1085,0.967
2017-10,B DIVISION,D,1980,1926,0.9727
2017-10,B DIVISION,Q,2244,2103,0.9372
2017-10,B DIVISION,C,1650,1507,0.9133
2017-10,A DIVISION,4,3080,2813,0.9133
2017-10,A DIVISION,1,1848,1827,0.9886
2017-10,B DIVISION,A,2816,2674,0.9496
2017-10,B DIVISION,M,1804,1693,0.9385
2017-10,A DIVISION,5,2882,2421,0.84
2017-10,A DIVISION,2,2420,2210,0.9132
2017-10,A DIVISION,7,2838,2592,0.9133
2017-11,B DIVISION,S Rock,462,458,0.9913
2017-11,B DIVISION,A,2688,2551,0.949
2017-11,B DIVISION,D,1890,1841,0.9741
2017-11,A DIVISION,2,2307,2097,0.909
2017-11,A DIVISION,1,1764,1745,0.9892
2017-11,B DIVISION,S Fkln,720,719,0.9986
2017-11,B DIVISION,M,1722,1635,0.9495
2017-11,A DIVISION,6,2071,1895,0.915
2017-11,B DIVISION,L,2016,1980,0.9821
2017-11,A DIVISION,5,2740,2342,0.8547
2017-11,B DIVISION,C,1575,1458,0.9257
2017-11,B DIVISION,B,1764,1724,0.9773
2017-11,A DIVISION,3,2184,2030,0.9295
2017-11,B DIVISION,Q,2178,2069,0.95
2017-11,B DIVISION,G,924,941,1.0184
2017-11,A DIVISION,7,2709,2487,0.9181
2017-11,A DIVISION,4,2940,2684,0.9129
2017-11,B DIVISION,E,1638,1546,0.9438
2017-11,B DIVISION,N,1890,1822,0.964
2017-11,B DIVISION,W,819,767,0.9365
2017-11,B DIVISION,F,3003,2931,0.976
2017-11,B DIVISION,JZ,1071,1035,0.9664
2017-11,B DIVISION,R,2079,2012,0.9678
2017-11,A DIVISION,S 42nd,2920,2913,0.9976
2017-12,A DIVISION,3,1989,1897,0.9537
2017-12,B DIVISION,R,1980,1879,0.949
2017-12,A DIVISION,7,2580,2338,0.9062
2017-12,A DIVISION,S 42nd,2920,2802,0.9596
2017-12,B DIVISION,E,1248,1150,0.9215
2017-12,B DIVISION,JZ,1020,989,0.9696
2017-12,B DIVISION,D,1800,1761,0.9783
2017-12,B DIVISION,G,880,903,1.0261
2017-12,B DIVISION,B,1680,1594,0.9488
2017-12,B DIVISION,S Rock,440,437,0.9932
2017-12,B DIVISION,S Fkln,720,710,0.9861
2017-12,A DIVISION,2,2181,2044,0.9372
2017-12,B DIVISION,A,2560,2397,0.9363
2017-12,A DIVISION,6,1979,1755,0.8868
2017-12,B DIVISION,F,2850,2717,0.9533
2017-12,A DIVISION,5,2505,2219,0.8858
2017-12,B DIVISION,L,1920,1861,0.9693
2017-12,B DIVISION,Q,2080,1956,0.9404
2017-12,A DIVISION,1,1661,1632,0.9825
2017-12,B DIVISION,N,1797,1714,0.9538
2017-12,B DIVISION,C,1504,1369,0.9102
2017-12,B DIVISION,W,776,743,0.9575
2017-12,B DIVISION,M,1456,1311,0.9004
2017-12,A DIVISION,4,2838,2484,0.8753
2018-01,B DIVISION,D,1980,1875,0.947
2018-01,B DIVISION,E,1716,1587,0.9248
2018-01,B DIVISION,N,1980,1861,0.9399
2018-01,A DIVISION,2,2409,2147,0.8912
2018-01,A DIVISION,5,2745,2316,0.8437
2018-01,B DIVISION,B,1848,1679,0.9085
2018-01,B DIVISION,C,1652,1495,0.905
2018-01,B DIVISION,S Fkln,792,772,0.9747
2018-01,A DIVISION,S 42nd,3212,3192,0.9938
2018-01,B DIVISION,L,2103,1965,0.9344
2018-01,B DIVISION,M,1804,1650,0.9146
2018-01,B DIVISION,W,858,788,0.9184
2018-01,A DIVISION,3,2232,2039,0.9135
2018-01,B DIVISION,JZ,1122,1053,0.9385
2018-01,B DIVISION,R,2178,2042,0.9376
2018-01,A DIVISION,4,3124,2672,0.8553
2018-01,A DIVISION,1,1823,1752,0.9611
2018-01,B DIVISION,A,2814,2565,0.9115
2018-01,B DIVISION,F,3144,3019,0.9602
2018-01,B DIVISION,G,968,983,1.0155
2018-01,B DIVISION,Q,2288,2100,0.9178
2018-01,B DIVISION,S Rock,484,434,0.8967
2018-01,A DIVISION,7,2838,2508,0.8837
2018-01,A DIVISION,6,2178,1905,0.8747
2018-02,A DIVISION,2,2094,1913,0.9136
2018-02,B DIVISION,N,1710,1598,0.9345
2018-02,B DIVISION,G,836,858,1.0263
2018-02,A DIVISION,6,1879,1711,0.9106
2018-02,B DIVISION,Q,1976,1874,0.9484
2018-02,A DIVISION,S 42nd,2774,2747,0.9903
2018-02,A DIVISION,1,1571,1535,0.9771
2018-02,B DIVISION,S Rock,418,422,1.0096
2018-02,B DIVISION,L,1824,1746,0.9572
2018-02,B DIVISION,C,1425,1345,0.9439
2018-02,B DIVISION,E,1482,1361,0.9184
2018-02,B DIVISION,W,740,662,0.8946
2018-02,B DIVISION,JZ,969,946,0.9763
2018-02,B DIVISION,R,1881,1770,0.941
2018-02,A DIVISION,5,2375,2107,0.8872
2018-02,B DIVISION,F,2718,2591,0.9533
2018-02,B DIVISION,A,2432,2302,0.9465
2018-02,B DIVISION,D,1710,1664,0.9731
2018-02,B DIVISION,M,1558,1436,0.9217
2018-02,B DIVISION,S Fkln,684,682,0.9971
2018-02,B DIVISION,B,1596,1521,0.953
2018-02,A DIVISION,7,2437,2219,0.9105
2018-02,A DIVISION,3,1938,1806,0.9319
2018-02,A DIVISION,4,2697,2429,0.9006
2018-03,B DIVISION,JZ,1122,1095,0.9759
2018-03,B DIVISION,D,1980,1950,0.9848
2018-03,B DIVISION,S Fkln,756,754,0.9974
2018-03,A DIVISION,3,2228,2100,0.9425
2018-03,B DIVISION,L,2112,2007,0.9503
2018-03,A DIVISION,4,3122,2728,0.8738
2018-03,B DIVISION,E,1716,1593,0.9283
2018-03,B DIVISION,C,1653,1605,0.971
2018-03,B DIVISION,W,858,799,0.9312
2018-03,B DIVISION,S Rock,472,470,0.9958
2018-03,B DIVISION,N,1977,1876,0.9489
2018-03,B DIVISION,B,1848,1819,0.9843
2018-03,B DIVISION,A,2807,2706,0.964
2018-03,B DIVISION,R,2160,2070,0.9583
2018-03,A DIVISION,7,2810,2480,0.8826
2018-03,A DIVISION,6,2180,1916,0.8789
2018-03,A DIVISION,1,1826,1790,0.9803
2018-03,B DIVISION,F,3147,3041,0.9663
2018-03,B DIVISION,M,1804,1719,0.9529
2018-03,A DIVISION,2,2413,2238,0.9275
2018-03,A DIVISION,S 42nd,2920,2891,0.9901
2018-03,B DIVISION,G,968,972,1.0041
2018-03,A DIVISION,5,2760,2383,0.8634
2018-03,B DIVISION,Q,2288,2189,0.9567
2018-04,B DIVISION,G,924,923,0.9989
2018-04,A DIVISION,6,2104,1963,0.933
2018-04,B DIVISION,A,2686,2553,0.9505
2018-04,B DIVISION,L,2016,1973,0.9787
2018-04,A DIVISION,S 42nd,2774,2755,0.9932
2018-04,B DIVISION,B,1764,1736,0.9841
2018-04,B DIVISION,D,1890,1863,0.9857
2018-04,A DIVISION,1,1743,1703,0.9771
2018-04,B DIVISION,E,1638,1501,0.9164
2018-04,A DIVISION,2,2310,2115,0.9156
2018-04,B DIVISION,M,1731,1613,0.9318
2018-04,A DIVISION,7,2709,2376,0.8771
2018-04,B DIVISION,N,1891,1808,0.9561
2018-04,A DIVISION,5,2667,2363,0.886
2018-04,B DIVISION,W,819,779,0.9512
2018-04,B DIVISION,C,1575,1487,0.9441
2018-04,B DIVISION,F,3002,2895,0.9644
2018-04,B DIVISION,JZ,1071,1044,0.9748
2018-04,A DIVISION,3,2142,2025,0.9454
2018-04,B DIVISION,Q,2184,2084,0.9542
2018-04,B DIVISION,S Rock,366,368,1.0055
2018-04,A DIVISION,4,2982,2694,0.9034
2018-04,B DIVISION,S Fkln,756,754,0.9974
2018-04,B DIVISION,R,2069,1981,0.9575
2018-05,B DIVISION,W,858,803,0.9359
2018-05,B DIVISION,M,2002,1870,0.9341
2018-05,B DIVISION,S Fkln,792,783,0.9886
2018-05,B DIVISION,D,1980,1911,0.9652
2018-05,A DIVISION,3,2244,2127,0.9479
2018-05,A DIVISION,4,3118,2822,0.9051
2018-05,B DIVISION,A,2816,2713,0.9634
2018-05,A DIVISION,7,2838,2538,0.8943
2018-05,A DIVISION,S 42nd,3212,3192,0.9938
2018-05,A DIVISION,2,2420,2252,0.9306
2018-05,B DIVISION,L,2016,1978,0.9812
2018-05,B DIVISION,G,968,1005,1.0382
2018-05,A DIVISION,1,1826,1771,0.9699
2018-05,B DIVISION,Q,2288,2163,0.9454
2018-05,B DIVISION,R,2178,2074,0.9522
2018-05,B DIVISION,N,1980,1873,0.946
2018-05,A DIVISION,5,2794,2484,0.889
2018-05,B DIVISION,B,1848,1805,0.9767
2018-05,B DIVISION,F,3142,3046,0.9694
2018-05,B DIVISION,E,1716,1577,0.919
2018-05,A DIVISION,6,2222,2035,0.9158
2018-05,B DIVISION,C,1650,1599,0.9691
2018-05,B DIVISION,JZ,1122,1100,0.9804
2018-05,B DIVISION,S Rock,400,401,1.0025
2018-06,B DIVISION,W,819,742,0.906
2018-06,B DIVISION,A,2688,2565,0.9542
2018-06,A DIVISION,S 42nd,2920,2915,0.9983
2018-06,B DIVISION,S Fkln,756,754,0.9974
2018-06,A DIVISION,7,2701,2405,0.8904
2018-06,B DIVISION,B,1764,1723,0.9768
2018-06,B DIVISION,F,3001,2975,0.9913
2018-06,A DIVISION,2,2310,2191,0.9485
2018-06,B DIVISION,C,1575,1547,0.9822
2018-06,A DIVISION,4,2973,2700,0.9082
2018-06,A DIVISION,1,1743,1722,0.988
2018-06,B DIVISION,Q,2179,2084,0.9564
2018-06,B DIVISION,M,1911,1804,0.944
2018-06,B DIVISION,D,1890,1855,0.9815
2018-06,B DIVISION,R,2079,1988,0.9562
2018-06,B DIVISION,L,2016,1975,0.9797
2018-06,A DIVISION,3,2142,2053,0.9585
2018-06,B DIVISION,JZ,1071,1051,0.9813
2018-06,B DIVISION,E,1638,1560,0.9524
2018-06,A DIVISION,5,2667,2438,0.9141
2018-06,A DIVISION,6,2119,1962,0.9259
2018-06,B DIVISION,N,1890,1808,0.9566
2018-06,B DIVISION,G,924,936,1.013
2018-06,B DIVISION,S Rock,462,466,1.0087
2018-07,B DIVISION,C,1575,1524,0.9676
2018-07,B DIVISION,D,1890,1828,0.9672
2018-07,B DIVISION,F,3002,2905,0.9677
2018-07,A DIVISION,6,2121,1957,0.9227
2018-07,A DIVISION,3,2142,2022,0.944
2018-07,A DIVISION,S 42nd,2920,2902,0.9938
2018-07,B DIVISION,R,2079,1966,0.9456
2018-07,B DIVISION,S Rock,462,459,0.9935
2018-07,A DIVISION,1,1743,1703,0.9771
2018-07,B DIVISION,JZ,1071,1042,0.9729
2018-07,B DIVISION,Q,2163,2107,0.9741
2018-07,A DIVISION,5,2667,2405,0.9018
2018-07,B DIVISION,E,1638,1506,0.9194
2018-07,B DIVISION,L,2016,1953,0.9688
2018-07,B DIVISION,S Fkln,756,757,1.0013
2018-07,B DIVISION,N,1890,1793,0.9487
2018-07,B DIVISION,B,1764,1733,0.9824
2018-07,A DIVISION,4,2961,2714,0.9166
2018-07,B DIVISION,W,819,770,0.9402
2018-07,A DIVISION,7,2673,2421,0.9057
2018-07,B DIVISION,G,924,945,1.0227
2018-07,A DIVISION,2,2309,2140,0.9268
2018-07,B DIVISION,M,1911,1767,0.9246
2018-07,B DIVISION,A,2562,2465,0.9621
2018-08,A DIVISION,7,2944,2636,0.8954
2018-08,B DIVISION,W,897,852,0.9498
2018-08,B DIVISION,G,1012,1033,1.0208
2018-08,B DIVISION,L,2208,2177,0.986
2018-08,B DIVISION,C,1725,1656,0.96
2018-08,B DIVISION,D,2070,2016,0.9739
2018-08,B DIVISION,JZ,1173,1148,0.9787
2018-08,A DIVISION,6,2323,2157,0.9285
2018-08,A DIVISION,5,2627,2448,0.9319
2018-08,B DIVISION,S Fkln,828,813,0.9819
2018-08,A DIVISION,4,3243,3033,0.9352
2018-08,B DIVISION,Q,2369,2279,0.962
2018-08,B DIVISION,F,3312,3233,0.9761
2018-08,A DIVISION,S 42nd,3358,3328,0.9911
2018-08,A DIVISION,1,1909,1860,0.9743
2018-08,B DIVISION,E,1794,1680,0.9365
2018-08,B DIVISION,B,1932,1885,0.9757
2018-08,B DIVISION,M,2093,1959,0.936
2018-08,B DIVISION,A,2804,2666,0.9508
2018-08,B DIVISION,N,2070,1973,0.9531
2018-08,B DIVISION,R,2277,2188,0.9609
2018-08,A DIVISION,3,2346,2270,0.9676
2018-08,A DIVISION,2,2266,2198,0.97
2018-08,B DIVISION,S Rock,484,481,0.9938
2018-09,B DIVISION,S Rock,418,418,1
2018-09,B DIVISION,G,836,857,1.0251
2018-09,B DIVISION,D,1710,1645,0.962
2018-09,A DIVISION,4,2679,2481,0.9261
2018-09,A DIVISION,1,1577,1525,0.967
2018-09,B DIVISION,A,2432,2325,0.956
2018-09,B DIVISION,C,1425,1380,0.9684
2018-09,B DIVISION,R,1881,1787,0.95
2018-09,A DIVISION,6,1936,1826,0.9432
2018-09,B DIVISION,F,2696,2615,0.97
2018-09,A DIVISION,3,1938,1857,0.9582
2018-09,B DIVISION,E,1482,1384,0.9339
2018-09,B DIVISION,W,741,698,0.942
2018-09,A DIVISION,2,2090,2010,0.9617
2018-09,B DIVISION,M,1684,1573,0.9341
2018-09,B DIVISION,S Fkln,611,605,0.9902
2018-09,B DIVISION,JZ,918,895,0.9749
2018-09,B DIVISION,L,1824,1795,0.9841
2018-09,B DIVISION,Q,1854,1787,0.9639
2018-09,A DIVISION,7,2431,2260,0.9297
2018-09,A DIVISION,S 42nd,2774,2747,0.9903
2018-09,A DIVISION,5,2413,2192,0.9084
2018-09,B DIVISION,B,1596,1564,0.9799
2018-09,B DIVISION,N,1695,1649,0.9729
2018-10,B DIVISION,L,2208,2140,0.9692
2018-10,B DIVISION,C,1725,1667,0.9664
2018-10,B DIVISION,Q,2369,2246,0.9481
2018-10,A DIVISION,4,3243,2992,0.9226
2018-10,B DIVISION,D,2070,2008,0.97
2018-10,A DIVISION,5,2921,2653,0.9083
2018-10,B DIVISION,F,3311,3244,0.9798
2018-10,A DIVISION,7,2944,2700,0.9171
2018-10,B DIVISION,R,2277,2189,0.9614
2018-10,B DIVISION,A,2944,2813,0.9555
2018-10,B DIVISION,W,897,828,0.9231
2018-10,B DIVISION,M,2093,1941,0.9274
2018-10,A DIVISION,1,1909,1863,0.9759
2018-10,A DIVISION,3,2346,2271,0.968
2018-10,B DIVISION,E,1794,1713,0.9548
2018-10,A DIVISION,S 42nd,2920,2894,0.9911
2018-10,B DIVISION,N,2070,1969,0.9512
2018-10,B DIVISION,S Fkln,828,826,0.9976
2018-10,A DIVISION,2,2530,2432,0.9613
2018-10,A DIVISION,6,2367,2227,0.9409
2018-10,B DIVISION,S Rock,506,499,0.9862
2018-10,B DIVISION,JZ,1173,1142,0.9736
2018-10,B DIVISION,B,1932,1875,0.9705
2018-10,B DIVISION,G,1012,1023,1.0109
2018-11,B DIVISION,S Fkln,751,739,0.984
2018-11,A DIVISION,3,2142,2057,0.9603
2018-11,B DIVISION,R,2079,1956,0.9408
2018-11,B DIVISION,B,1764,1720,0.9751
2018-11,B DIVISION,C,1575,1508,0.9575
2018-11,A DIVISION,1,1743,1690,0.9696
2018-11,A DIVISION,4,2961,2746,0.9274
2018-11,B DIVISION,Q,2168,2011,0.9276
2018-11,B DIVISION,S Rock,462,451,0.9762
2018-11,A DIVISION,7,2688,2400,0.8929
2018-11,A DIVISION,2,2310,2183,0.945
2018-11,B DIVISION,W,819,773,0.9438
2018-11,B DIVISION,M,1911,1756,0.9189
2018-11,A DIVISION,S 42nd,3066,3041,0.9918
2018-11,B DIVISION,D,1909,1869,0.979
2018-11,B DIVISION,JZ,1071,1029,0.9608
2018-11,B DIVISION,L,2016,1986,0.9851
2018-11,B DIVISION,F,3024,2897,0.958
2018-11,A DIVISION,6,2159,2022,0.9365
2018-11,B DIVISION,E,1638,1549,0.9457
2018-11,B DIVISION,A,2707,2562,0.9464
2018-11,A DIVISION,5,2667,2444,0.9164
2018-11,B DIVISION,G,924,946,1.0238
2018-11,B DIVISION,N,1904,1786,0.938
2018-12,A DIVISION,3,2040,1958,0.9598
2018-12,B DIVISION,L,1920,1898,0.9885
2018-12,A DIVISION,2,2200,2101,0.955
2018-12,A DIVISION,1,1660,1604,0.9663
2018-12,A DIVISION,4,2820,2551,0.9046
2018-12,A DIVISION,6,2058,1934,0.9397
2018-12,B DIVISION,B,1680,1643,0.978
2018-12,B DIVISION,Q,2060,1922,0.933
2018-12,A DIVISION,5,2540,2333,0.9185
2018-12,B DIVISION,C,1500,1455,0.97
2018-12,B DIVISION,W,780,735,0.9423
2018-12,B DIVISION,D,1820,1794,0.9857
2018-12,B DIVISION,S Fkln,648,644,0.9938
2018-12,B DIVISION,F,2880,2691,0.9344
2018-12,B DIVISION,A,2580,2436,0.9442
2018-12,A DIVISION,S 42nd,2920,2917,0.999
2018-12,B DIVISION,M,1682,1570,0.9334
2018-12,A DIVISION,7,2555,2428,0.9503
2018-12,B DIVISION,S Rock,440,442,1.0045
2018-12,B DIVISION,JZ,1020,991,0.9716
2018-12,B DIVISION,N,1800,1701,0.945
2018-12,B DIVISION,G,880,898,1.0205
2018-12,B DIVISION,E,1326,1233,0.9299
2018-12,B DIVISION,R,1980,1886,0.9525
2019-01,B DIVISION,R,2178,2097,0.9628
2019-01,B DIVISION,B,1848,1822,0.9859
2019-01,A DIVISION,5,2794,2612,0.9349
2019-01,B DIVISION,E,1716,1617,0.9423
2019-01,B DIVISION,S Rock,484,488,1.0083
2019-01,B DIVISION,C,1650,1569,0.9509
2019-01,A DIVISION,4,3101,2831,0.9129
2019-01,A DIVISION,1,1826,1808,0.9901
2019-01,B DIVISION,N,1980,1900,0.9596
2019-01,A DIVISION,6,2266,2113,0.9325
2019-01,B DIVISION,F,3173,3026,0.9537
2019-01,B DIVISION,Q,2266,2218,0.9788
2019-01,A DIVISION,2,2420,2332,0.9636
2019-01,A DIVISION,3,2244,2208,0.984
2019-01,A DIVISION,S 42nd,3212,3196,0.995
2019-01,B DIVISION,W,858,818,0.9534
2019-01,B DIVISION,D,2002,1951,0.9745
2019-01,A DIVISION,7,2816,2690,0.9553
2019-01,B DIVISION,L,2112,2044,0.9678
2019-01,B DIVISION,S Fkln,792,791,0.9987
2019-01,B DIVISION,A,2838,2700,0.9514
2019-01,B DIVISION,M,2002,1893,0.9456
2019-01,B DIVISION,JZ,1122,1104,0.984
2019-01,B DIVISION,G,968,986,1.0186
2019-02,A DIVISION,S 42nd,2774,2771,0.9989
2019-02,A DIVISION,4,2679,2482,0.9265
2019-02,A DIVISION,7,2432,2339,0.9618
2019-02,B DIVISION,L,1824,1752,0.9605
2019-02,B DIVISION,M,1729,1630,0.9427
2019-02,B DIVISION,S Fkln,684,683,0.9985
2019-02,B DIVISION,G,836,854,1.0215
2019-02,A DIVISION,2,2090,2020,0.9665
2019-02,B DIVISION,N,1710,1626,0.9509
2019-02,A DIVISION,5,2413,2268,0.9399
2019-02,B DIVISION,S Rock,418,416,0.9952
2019-02,B DIVISION,F,2736,2618,0.9569
2019-02,B DIVISION,C,1425,1372,0.9628
2019-02,B DIVISION,B,1596,1543,0.9668
2019-02,A DIVISION,6,1957,1845,0.9428
2019-02,A DIVISION,3,1938,1908,0.9845
2019-02,B DIVISION,Q,1957,1888,0.9647
2019-02,B DIVISION,E,1482,1413,0.9534
2019-02,A DIVISION,1,1577,1540,0.9765
2019-02,B DIVISION,A,2451,2333,0.9519
2019-02,B DIVISION,W,741,694,0.9366
2019-02,B DIVISION,JZ,969,958,0.9886
2019-02,B DIVISION,R,1881,1816,0.9654
2019-02,B DIVISION,D,1729,1676,0.9693
2019-03,B DIVISION,S Fkln,756,754,0.9974
2019-03,A DIVISION,7,2688,2601,0.9676
2019-03,A DIVISION,6,2060,1945,0.9442
2019-03,B DIVISION,M,1911,1829,0.9571
2019-03,B DIVISION,L,2016,1975,0.9797
2019-03,A DIVISION,S 42nd,2920,2883,0.9873
2019-03,B DIVISION,G,924,931,1.0076
2019-03,B DIVISION,B,1764,1744,0.9887
2019-03,B DIVISION,C,1575,1518,0.9638
2019-03,B DIVISION,D,1911,1892,0.9901
2019-03,B DIVISION,S Rock,462,464,1.0043
2019-03,B DIVISION,A,2709,2599,0.9594
2019-03,A DIVISION,1,1660,1640,0.988
2019-03,B DIVISION,N,1890,1834,0.9704
2019-03,B DIVISION,JZ,1071,1057,0.9869
2019-03,B DIVISION,F,3024,2920,0.9656
2019-03,A DIVISION,5,2540,2393,0.9421
2019-03,B DIVISION,Q,2163,2115,0.9778
2019-03,A DIVISION,2,2200,2113,0.9605
2019-03,B DIVISION,R,2079,2009,0.9663
2019-03,A DIVISION,3,2040,1985,0.973
2019-03,B DIVISION,E,1638,1562,0.9536
2019-03,B DIVISION,W,819,803,0.9805
2019-03,A DIVISION,4,2820,2612,0.9262
2019-04,B DIVISION,JZ,1122,1102,0.9822
2019-04,A DIVISION,1,1826,1799,0.9852
2019-04,B DIVISION,S Fkln,792,790,0.9975
2019-04,B DIVISION,G,968,990,1.0227
2019-04,A DIVISION,3,2244,2227,0.9924
2019-04,B DIVISION,S Rock,484,481,0.9938
2019-04,A DIVISION,2,2420,2347,0.9698
2019-04,B DIVISION,E,1716,1650,0.9615
2019-04,A DIVISION,S 42nd,3212,3197,0.9953
2019-04,B DIVISION,M,2002,1921,0.9595
2019-04,B DIVISION,Q,2266,2217,0.9784
2019-04,A DIVISION,4,3102,2918,0.9407
2019-04,A DIVISION,6,2266,2136,0.9426
2019-04,B DIVISION,W,858,831,0.9685
2019-04,B DIVISION,B,1848,1812,0.9805
2019-04,B DIVISION,L,2112,2078,0.9839
2019-04,A DIVISION,7,2833,2704,0.9545
2019-04,B DIVISION,A,2838,2709,0.9545
2019-04,B DIVISION,N,1980,1903,0.9611
2019-04,B DIVISION,C,1650,1616,0.9794
2019-04,B DIVISION,R,2178,2104,0.966
2019-04,B DIVISION,F,3168,3099,0.9782
2019-04,A DIVISION,5,2794,2631,0.9417
2019-04,B DIVISION,D,2002,1979,0.9885
2019-05,B DIVISION,F,3168,3070,0.9691
2019-05,B DIVISION,L,2112,2040,0.9659
2019-05,B DIVISION,M,2002,1901,0.9496
2019-05,A DIVISION,2,2420,2339,0.9665
2019-05,B DIVISION,E,1716,1638,0.9545
2019-05,B DIVISION,S Rock,474,471,0.9937
2019-05,B DIVISION,Q,2266,2217,0.9784
2019-05,B DIVISION,JZ,1122,1102,0.9822
2019-05,B DIVISION,N,1980,1915,0.9672
2019-05,A DIVISION,6,2266,2148,0.9479
2019-05,A DIVISION,1,1826,1801,0.9863
2019-05,A DIVISION,7,3012,2920,0.9695
2019-05,B DIVISION,G,968,981,1.0134
2019-05,A DIVISION,3,2244,2186,0.9742
2019-05,A DIVISION,S 42nd,3212,3194,0.9944
2019-05,A DIVISION,5,2780,2669,0.9601
2019-05,B DIVISION,S Fkln,788,786,0.9975
2019-05,B DIVISION,D,2002,1957,0.9775
2019-05,A DIVISION,4,3102,2936,0.9465
2019-05,B DIVISION,R,2178,2081,0.9555
2019-05,B DIVISION,B,1848,1794,0.9708
2019-05,B DIVISION,C,1650,1602,0.9709
2019-05,B DIVISION,A,2838,2724,0.9598
2019-05,B DIVISION,W,858,830,0.9674
2019-06,B DIVISION,M,1820,1718,0.944
2019-06,B DIVISION,B,1680,1632,0.9714
2019-06,B DIVISION,Q,2060,2017,0.9791
2019-06,A DIVISION,7,2740,2642,0.9642
2019-06,A DIVISION,S 42nd,2920,2917,0.999
2019-06,B DIVISION,S Fkln,720,703,0.9764
2019-06,B DIVISION,N,1800,1751,0.9728
2019-06,A DIVISION,4,2817,2648,0.94
2019-06,A DIVISION,2,2200,2142,0.9736
2019-06,B DIVISION,JZ,1020,1021,1.001
2019-06,B DIVISION,R,1980,1843,0.9308
2019-06,B DIVISION,W,780,736,0.9436
2019-06,B DIVISION,G,880,896,1.0182
2019-06,A DIVISION,6,2056,1968,0.9572
2019-06,B DIVISION,S Rock,440,444,1.0091
2019-06,B DIVISION,F,2880,2803,0.9733
2019-06,B DIVISION,C,1500,1456,0.9707
2019-06,A DIVISION,1,1660,1643,0.9898
2019-06,A DIVISION,5,2540,2387,0.9398
2019-06,B DIVISION,A,2580,2480,0.9612
2019-06,B DIVISION,E,1560,1466,0.9397
2019-06,B DIVISION,D,1820,1797,0.9874
2019-06,B DIVISION,L,1920,1885,0.9818
2019-06,A DIVISION,3,2040,1983,0.9721
2019-07,B DIVISION,G,968,978,1.0103
2019-07,B DIVISION,B,1848,1806,0.9773
2019-07,B DIVISION,M,2002,1930,0.964
2019-07,A DIVISION,1,1826,1753,0.96
2019-07,A DIVISION,4,3102,2825,0.9107
2019-07,B DIVISION,D,2002,1976,0.987
2019-07,A DIVISION,6,2264,2133,0.9421
2019-07,A DIVISION,S 42nd,3212,3078,0.9583
2019-07,B DIVISION,R,2178,2102,0.9651
2019-07,B DIVISION,C,1650,1582,0.9588
2019-07,B DIVISION,S Rock,484,489,1.0103
2019-07,A DIVISION,2,2420,2292,0.9471
2019-07,A DIVISION,5,2794,2564,0.9177
2019-07,B DIVISION,Q,2266,2205,0.9731
2019-07,B DIVISION,E,1716,1655,0.9645
2019-07,B DIVISION,N,1980,1910,0.9646
2019-07,B DIVISION,JZ,1122,1117,0.9955
2019-07,A DIVISION,7,3008,2903,0.9651
2019-07,B DIVISION,A,2838,2681,0.9447
2019-07,B DIVISION,S Fkln,792,789,0.9962
2019-07,B DIVISION,L,2112,2078,0.9839
2019-07,B DIVISION,F,3168,3097,0.9776
2019-07,A DIVISION,3,2244,2148,0.9572
2019-07,B DIVISION,W,858,829,0.9662
